[2026-03-25T06:22:59.903+0000] {manager.py:483} INFO - Processing files using up to 2 processes at a time 
[2026-03-25T06:22:59.904+0000] {manager.py:484} INFO - Process each file at most once every 30 seconds
[2026-03-25T06:22:59.904+0000] {manager.py:485} INFO - Checking for new files in /opt/airflow/dags every 300 seconds
[2026-03-25T06:22:59.904+0000] {manager.py:821} INFO - Searching for files in /opt/airflow/dags
[2026-03-25T06:22:59.907+0000] {manager.py:824} INFO - There are 0 files in /opt/airflow/dags
[2026-03-25T06:28:00.297+0000] {manager.py:821} INFO - Searching for files in /opt/airflow/dags
[2026-03-25T06:28:00.311+0000] {manager.py:824} INFO - There are 0 files in /opt/airflow/dags
[2026-03-25T06:33:00.676+0000] {manager.py:821} INFO - Searching for files in /opt/airflow/dags
[2026-03-25T06:33:00.690+0000] {manager.py:824} INFO - There are 0 files in /opt/airflow/dags
[2026-03-25T06:38:01.046+0000] {manager.py:821} INFO - Searching for files in /opt/airflow/dags
[2026-03-25T06:38:01.076+0000] {manager.py:824} INFO - There are 1 files in /opt/airflow/dags
[2026-03-25T06:38:04.168+0000] {manager.py:997} INFO - 
================================================================================
DAG File Processing Stats

File Path                          PID    Runtime      # DAGs    # Errors  Last Runtime    Last Run               Last # of DB Queries
---------------------------------  -----  ---------  --------  ----------  --------------  -------------------  ----------------------
/opt/airflow/dags/currency_dag.py                           0           0  1.43s           2026-03-25T06:38:02                       3
================================================================================
[2026-03-25T06:38:34.732+0000] {manager.py:997} INFO - 
================================================================================
DAG File Processing Stats

File Path                          PID    Runtime      # DAGs    # Errors  Last Runtime    Last Run               Last # of DB Queries
---------------------------------  -----  ---------  --------  ----------  --------------  -------------------  ----------------------
/opt/airflow/dags/currency_dag.py                           0           0  0.43s           2026-03-25T06:38:33                       3
================================================================================
[2026-03-25T06:39:04.837+0000] {manager.py:997} INFO - 
================================================================================
DAG File Processing Stats

File Path                          PID    Runtime      # DAGs    # Errors  Last Runtime    Last Run               Last # of DB Queries
---------------------------------  -----  ---------  --------  ----------  --------------  -------------------  ----------------------
/opt/airflow/dags/currency_dag.py                           0           0  0.53s           2026-03-25T06:39:03                       3
================================================================================
[2026-03-25T06:39:35.037+0000] {manager.py:997} INFO - 
================================================================================
DAG File Processing Stats

File Path                          PID    Runtime      # DAGs    # Errors  Last Runtime    Last Run               Last # of DB Queries
---------------------------------  -----  ---------  --------  ----------  --------------  -------------------  ----------------------
/opt/airflow/dags/currency_dag.py                           0           0  0.40s           2026-03-25T06:39:34                       3
================================================================================
[2026-03-25T06:40:05.620+0000] {manager.py:997} INFO - 
================================================================================
DAG File Processing Stats

File Path                          PID    Runtime      # DAGs    # Errors  Last Runtime    Last Run               Last # of DB Queries
---------------------------------  -----  ---------  --------  ----------  --------------  -------------------  ----------------------
/opt/airflow/dags/currency_dag.py                           0           0  0.38s           2026-03-25T06:40:04                       3
================================================================================
[2026-03-25T06:40:36.156+0000] {manager.py:997} INFO - 
================================================================================
DAG File Processing Stats

File Path                          PID    Runtime      # DAGs    # Errors  Last Runtime    Last Run               Last # of DB Queries
---------------------------------  -----  ---------  --------  ----------  --------------  -------------------  ----------------------
/opt/airflow/dags/currency_dag.py                           0           0  0.41s           2026-03-25T06:40:35                       3
================================================================================
[2026-03-25T06:41:06.722+0000] {manager.py:997} INFO - 
================================================================================
DAG File Processing Stats

File Path                          PID    Runtime      # DAGs    # Errors  Last Runtime    Last Run               Last # of DB Queries
---------------------------------  -----  ---------  --------  ----------  --------------  -------------------  ----------------------
/opt/airflow/dags/currency_dag.py                           0           0  0.42s           2026-03-25T06:41:06                       3
================================================================================
[2026-03-25T06:41:37.317+0000] {manager.py:997} INFO - 
================================================================================
DAG File Processing Stats

File Path                          PID    Runtime      # DAGs    # Errors  Last Runtime    Last Run               Last # of DB Queries
---------------------------------  -----  ---------  --------  ----------  --------------  -------------------  ----------------------
/opt/airflow/dags/currency_dag.py                           0           0  0.41s           2026-03-25T06:41:36                       3
================================================================================
[2026-03-25T06:42:07.859+0000] {manager.py:997} INFO - 
================================================================================
DAG File Processing Stats

File Path                          PID    Runtime      # DAGs    # Errors  Last Runtime    Last Run               Last # of DB Queries
---------------------------------  -----  ---------  --------  ----------  --------------  -------------------  ----------------------
/opt/airflow/dags/currency_dag.py                           0           0  0.41s           2026-03-25T06:42:07                       3
================================================================================
[2026-03-25T06:42:38.406+0000] {manager.py:997} INFO - 
================================================================================
DAG File Processing Stats

File Path                          PID    Runtime      # DAGs    # Errors  Last Runtime    Last Run               Last # of DB Queries
---------------------------------  -----  ---------  --------  ----------  --------------  -------------------  ----------------------
/opt/airflow/dags/currency_dag.py                           0           0  0.40s           2026-03-25T06:42:37                       3
================================================================================
[2026-03-25T06:43:01.530+0000] {manager.py:821} INFO - Searching for files in /opt/airflow/dags
[2026-03-25T06:43:01.549+0000] {manager.py:824} INFO - There are 1 files in /opt/airflow/dags
[2026-03-25T06:43:08.946+0000] {manager.py:997} INFO - 
================================================================================
DAG File Processing Stats

File Path                          PID    Runtime      # DAGs    # Errors  Last Runtime    Last Run               Last # of DB Queries
---------------------------------  -----  ---------  --------  ----------  --------------  -------------------  ----------------------
/opt/airflow/dags/currency_dag.py                           0           0  0.39s           2026-03-25T06:43:08                       3
================================================================================
[2026-03-25T06:43:38.964+0000] {manager.py:997} INFO - 
================================================================================
DAG File Processing Stats

File Path                          PID    Runtime      # DAGs    # Errors  Last Runtime    Last Run               Last # of DB Queries
---------------------------------  -----  ---------  --------  ----------  --------------  -------------------  ----------------------
/opt/airflow/dags/currency_dag.py                           0           0  0.43s           2026-03-25T06:43:38                       3
================================================================================
[2026-03-25T06:44:09.098+0000] {manager.py:997} INFO - 
================================================================================
DAG File Processing Stats

File Path                            PID  Runtime      # DAGs    # Errors  Last Runtime    Last Run               Last # of DB Queries
---------------------------------  -----  ---------  --------  ----------  --------------  -------------------  ----------------------
/opt/airflow/dags/currency_dag.py    229  0.01s             0           0  0.43s           2026-03-25T06:43:38                       3
================================================================================
[2026-03-25T06:44:39.245+0000] {manager.py:997} INFO - 
================================================================================
DAG File Processing Stats

File Path                          PID    Runtime      # DAGs    # Errors  Last Runtime    Last Run               Last # of DB Queries
---------------------------------  -----  ---------  --------  ----------  --------------  -------------------  ----------------------
/opt/airflow/dags/currency_dag.py                           0           0  0.39s           2026-03-25T06:44:09                       3
================================================================================
[2026-03-25T06:45:09.837+0000] {manager.py:997} INFO - 
================================================================================
DAG File Processing Stats

File Path                          PID    Runtime      # DAGs    # Errors  Last Runtime    Last Run               Last # of DB Queries
---------------------------------  -----  ---------  --------  ----------  --------------  -------------------  ----------------------
/opt/airflow/dags/currency_dag.py                           0           0  0.39s           2026-03-25T06:44:40                       3
================================================================================
[2026-03-25T06:45:40.390+0000] {manager.py:997} INFO - 
================================================================================
DAG File Processing Stats

File Path                          PID    Runtime      # DAGs    # Errors  Last Runtime    Last Run               Last # of DB Queries
---------------------------------  -----  ---------  --------  ----------  --------------  -------------------  ----------------------
/opt/airflow/dags/currency_dag.py                           0           0  0.41s           2026-03-25T06:45:10                       3
================================================================================
[2026-03-25T06:46:10.962+0000] {manager.py:997} INFO - 
================================================================================
DAG File Processing Stats

File Path                          PID    Runtime      # DAGs    # Errors  Last Runtime    Last Run               Last # of DB Queries
---------------------------------  -----  ---------  --------  ----------  --------------  -------------------  ----------------------
/opt/airflow/dags/currency_dag.py                           0           0  0.38s           2026-03-25T06:45:41                       3
================================================================================
[2026-03-25T06:46:41.555+0000] {manager.py:997} INFO - 
================================================================================
DAG File Processing Stats

File Path                          PID    Runtime      # DAGs    # Errors  Last Runtime    Last Run               Last # of DB Queries
---------------------------------  -----  ---------  --------  ----------  --------------  -------------------  ----------------------
/opt/airflow/dags/currency_dag.py                           0           0  0.40s           2026-03-25T06:46:11                       3
================================================================================
[2026-03-25T06:47:12.082+0000] {manager.py:997} INFO - 
================================================================================
DAG File Processing Stats

File Path                          PID    Runtime      # DAGs    # Errors  Last Runtime    Last Run               Last # of DB Queries
---------------------------------  -----  ---------  --------  ----------  --------------  -------------------  ----------------------
/opt/airflow/dags/currency_dag.py                           0           0  0.38s           2026-03-25T06:46:42                       3
================================================================================
[2026-03-25T06:47:42.657+0000] {manager.py:997} INFO - 
================================================================================
DAG File Processing Stats

File Path                          PID    Runtime      # DAGs    # Errors  Last Runtime    Last Run               Last # of DB Queries
---------------------------------  -----  ---------  --------  ----------  --------------  -------------------  ----------------------
/opt/airflow/dags/currency_dag.py                           0           0  0.41s           2026-03-25T06:47:12                       3
================================================================================
[2026-03-25T06:48:01.535+0000] {manager.py:821} INFO - Searching for files in /opt/airflow/dags
[2026-03-25T06:48:01.553+0000] {manager.py:824} INFO - There are 1 files in /opt/airflow/dags
[2026-03-25T06:48:12.659+0000] {manager.py:997} INFO - 
================================================================================
DAG File Processing Stats

File Path                          PID    Runtime      # DAGs    # Errors  Last Runtime    Last Run               Last # of DB Queries
---------------------------------  -----  ---------  --------  ----------  --------------  -------------------  ----------------------
/opt/airflow/dags/currency_dag.py                           0           0  0.41s           2026-03-25T06:47:43                       3
================================================================================
[2026-03-25T06:48:42.825+0000] {manager.py:997} INFO - 
================================================================================
DAG File Processing Stats

File Path                          PID    Runtime      # DAGs    # Errors  Last Runtime    Last Run               Last # of DB Queries
---------------------------------  -----  ---------  --------  ----------  --------------  -------------------  ----------------------
/opt/airflow/dags/currency_dag.py                           0           0  0.40s           2026-03-25T06:48:14                       3
================================================================================
[2026-03-25T06:49:13.388+0000] {manager.py:997} INFO - 
================================================================================
DAG File Processing Stats

File Path                          PID    Runtime      # DAGs    # Errors  Last Runtime    Last Run               Last # of DB Queries
---------------------------------  -----  ---------  --------  ----------  --------------  -------------------  ----------------------
/opt/airflow/dags/currency_dag.py                           0           0  0.41s           2026-03-25T06:48:44                       3
================================================================================
[2026-03-25T06:49:43.918+0000] {manager.py:997} INFO - 
================================================================================
DAG File Processing Stats

File Path                          PID    Runtime      # DAGs    # Errors  Last Runtime    Last Run               Last # of DB Queries
---------------------------------  -----  ---------  --------  ----------  --------------  -------------------  ----------------------
/opt/airflow/dags/currency_dag.py                           0           0  0.40s           2026-03-25T06:49:15                       3
================================================================================
[2026-03-25T06:50:14.161+0000] {manager.py:997} INFO - 
================================================================================
DAG File Processing Stats

File Path                          PID    Runtime      # DAGs    # Errors  Last Runtime    Last Run               Last # of DB Queries
---------------------------------  -----  ---------  --------  ----------  --------------  -------------------  ----------------------
/opt/airflow/dags/currency_dag.py                           1           0  0.68s           2026-03-25T06:49:57                      45
================================================================================
[2026-03-25T06:50:44.343+0000] {manager.py:997} INFO - 
================================================================================
DAG File Processing Stats

File Path                          PID    Runtime      # DAGs    # Errors  Last Runtime    Last Run               Last # of DB Queries
---------------------------------  -----  ---------  --------  ----------  --------------  -------------------  ----------------------
/opt/airflow/dags/currency_dag.py                           1           0  0.41s           2026-03-25T06:50:27                      12
================================================================================
[2026-03-25T06:51:14.883+0000] {manager.py:997} INFO - 
================================================================================
DAG File Processing Stats

File Path                          PID    Runtime      # DAGs    # Errors  Last Runtime    Last Run               Last # of DB Queries
---------------------------------  -----  ---------  --------  ----------  --------------  -------------------  ----------------------
/opt/airflow/dags/currency_dag.py                           1           0  0.42s           2026-03-25T06:50:58                      12
================================================================================
[2026-03-25T06:51:44.921+0000] {manager.py:997} INFO - 
================================================================================
DAG File Processing Stats

File Path                          PID    Runtime      # DAGs    # Errors  Last Runtime    Last Run               Last # of DB Queries
---------------------------------  -----  ---------  --------  ----------  --------------  -------------------  ----------------------
/opt/airflow/dags/currency_dag.py                           1           0  0.44s           2026-03-25T06:51:28                      12
================================================================================
[2026-03-25T06:52:15.112+0000] {manager.py:997} INFO - 
================================================================================
DAG File Processing Stats

File Path                          PID    Runtime      # DAGs    # Errors  Last Runtime    Last Run               Last # of DB Queries
---------------------------------  -----  ---------  --------  ----------  --------------  -------------------  ----------------------
/opt/airflow/dags/currency_dag.py                           1           0  0.56s           2026-03-25T06:51:59                      12
================================================================================
[2026-03-25T06:52:45.253+0000] {manager.py:997} INFO - 
================================================================================
DAG File Processing Stats

File Path                          PID    Runtime      # DAGs    # Errors  Last Runtime    Last Run               Last # of DB Queries
---------------------------------  -----  ---------  --------  ----------  --------------  -------------------  ----------------------
/opt/airflow/dags/currency_dag.py                           1           0  0.47s           2026-03-25T06:52:30                      12
================================================================================
[2026-03-25T06:53:01.793+0000] {manager.py:821} INFO - Searching for files in /opt/airflow/dags
[2026-03-25T06:53:01.811+0000] {manager.py:824} INFO - There are 1 files in /opt/airflow/dags
[2026-03-25T06:53:15.570+0000] {manager.py:997} INFO - 
================================================================================
DAG File Processing Stats

File Path                          PID    Runtime      # DAGs    # Errors  Last Runtime    Last Run               Last # of DB Queries
---------------------------------  -----  ---------  --------  ----------  --------------  -------------------  ----------------------
/opt/airflow/dags/currency_dag.py                           1           0  0.41s           2026-03-25T06:53:00                      12
================================================================================
[2026-03-25T06:53:46.117+0000] {manager.py:997} INFO - 
================================================================================
DAG File Processing Stats

File Path                          PID    Runtime      # DAGs    # Errors  Last Runtime    Last Run               Last # of DB Queries
---------------------------------  -----  ---------  --------  ----------  --------------  -------------------  ----------------------
/opt/airflow/dags/currency_dag.py                           1           0  0.41s           2026-03-25T06:53:31                      12
================================================================================
[2026-03-25T06:54:16.727+0000] {manager.py:997} INFO - 
================================================================================
DAG File Processing Stats

File Path                          PID    Runtime      # DAGs    # Errors  Last Runtime    Last Run               Last # of DB Queries
---------------------------------  -----  ---------  --------  ----------  --------------  -------------------  ----------------------
/opt/airflow/dags/currency_dag.py                           1           0  0.42s           2026-03-25T06:54:02                      12
================================================================================
[2026-03-25T06:54:46.730+0000] {manager.py:997} INFO - 
================================================================================
DAG File Processing Stats

File Path                          PID    Runtime      # DAGs    # Errors  Last Runtime    Last Run               Last # of DB Queries
---------------------------------  -----  ---------  --------  ----------  --------------  -------------------  ----------------------
/opt/airflow/dags/currency_dag.py                           1           0  0.42s           2026-03-25T06:54:32                      12
================================================================================
[2026-03-25T06:55:16.976+0000] {manager.py:997} INFO - 
================================================================================
DAG File Processing Stats

File Path                          PID    Runtime      # DAGs    # Errors  Last Runtime    Last Run               Last # of DB Queries
---------------------------------  -----  ---------  --------  ----------  --------------  -------------------  ----------------------
/opt/airflow/dags/currency_dag.py                           1           0  0.42s           2026-03-25T06:55:03                      12
================================================================================
[2026-03-25T06:55:47.097+0000] {manager.py:997} INFO - 
================================================================================
DAG File Processing Stats

File Path                          PID    Runtime      # DAGs    # Errors  Last Runtime    Last Run               Last # of DB Queries
---------------------------------  -----  ---------  --------  ----------  --------------  -------------------  ----------------------
/opt/airflow/dags/currency_dag.py                           1           0  0.40s           2026-03-25T06:55:33                      12
================================================================================
[2026-03-25T06:56:17.289+0000] {manager.py:997} INFO - 
================================================================================
DAG File Processing Stats

File Path                          PID    Runtime      # DAGs    # Errors  Last Runtime    Last Run               Last # of DB Queries
---------------------------------  -----  ---------  --------  ----------  --------------  -------------------  ----------------------
/opt/airflow/dags/currency_dag.py                           1           0  0.45s           2026-03-25T06:56:04                      12
================================================================================
[2026-03-25T06:56:47.335+0000] {manager.py:997} INFO - 
================================================================================
DAG File Processing Stats

File Path                          PID    Runtime      # DAGs    # Errors  Last Runtime    Last Run               Last # of DB Queries
---------------------------------  -----  ---------  --------  ----------  --------------  -------------------  ----------------------
/opt/airflow/dags/currency_dag.py                           1           0  0.45s           2026-03-25T06:56:35                      12
================================================================================
[2026-03-25T06:57:17.493+0000] {manager.py:997} INFO - 
================================================================================
DAG File Processing Stats

File Path                          PID    Runtime      # DAGs    # Errors  Last Runtime    Last Run               Last # of DB Queries
---------------------------------  -----  ---------  --------  ----------  --------------  -------------------  ----------------------
/opt/airflow/dags/currency_dag.py                           1           0  0.44s           2026-03-25T06:57:05                      12
================================================================================
[2026-03-25T06:57:47.605+0000] {manager.py:997} INFO - 
================================================================================
DAG File Processing Stats

File Path                          PID    Runtime      # DAGs    # Errors  Last Runtime    Last Run               Last # of DB Queries
---------------------------------  -----  ---------  --------  ----------  --------------  -------------------  ----------------------
/opt/airflow/dags/currency_dag.py                           1           0  0.53s           2026-03-25T06:57:36                      12
================================================================================
[2026-03-25T06:58:02.149+0000] {manager.py:821} INFO - Searching for files in /opt/airflow/dags
[2026-03-25T06:58:02.171+0000] {manager.py:824} INFO - There are 1 files in /opt/airflow/dags
[2026-03-25T06:58:18.253+0000] {manager.py:997} INFO - 
================================================================================
DAG File Processing Stats

File Path                          PID    Runtime      # DAGs    # Errors  Last Runtime    Last Run               Last # of DB Queries
---------------------------------  -----  ---------  --------  ----------  --------------  -------------------  ----------------------
/opt/airflow/dags/currency_dag.py                           1           0  0.48s           2026-03-25T06:58:07                      12
================================================================================
[2026-03-25T06:58:48.429+0000] {manager.py:997} INFO - 
================================================================================
DAG File Processing Stats

File Path                          PID    Runtime      # DAGs    # Errors  Last Runtime    Last Run               Last # of DB Queries
---------------------------------  -----  ---------  --------  ----------  --------------  -------------------  ----------------------
/opt/airflow/dags/currency_dag.py                           1           0  0.42s           2026-03-25T06:58:37                      12
================================================================================
[2026-03-25T06:59:18.619+0000] {manager.py:997} INFO - 
================================================================================
DAG File Processing Stats

File Path                          PID    Runtime      # DAGs    # Errors  Last Runtime    Last Run               Last # of DB Queries
---------------------------------  -----  ---------  --------  ----------  --------------  -------------------  ----------------------
/opt/airflow/dags/currency_dag.py                           1           0  0.58s           2026-03-25T06:59:08                      12
================================================================================
[2026-03-25T06:59:48.824+0000] {manager.py:997} INFO - 
================================================================================
DAG File Processing Stats

File Path                          PID    Runtime      # DAGs    # Errors  Last Runtime    Last Run               Last # of DB Queries
---------------------------------  -----  ---------  --------  ----------  --------------  -------------------  ----------------------
/opt/airflow/dags/currency_dag.py                           1           0  0.41s           2026-03-25T06:59:39                      12
================================================================================
[2026-03-25T07:00:18.938+0000] {manager.py:997} INFO - 
================================================================================
DAG File Processing Stats

File Path                          PID    Runtime      # DAGs    # Errors  Last Runtime    Last Run               Last # of DB Queries
---------------------------------  -----  ---------  --------  ----------  --------------  -------------------  ----------------------
/opt/airflow/dags/currency_dag.py                           1           0  0.51s           2026-03-25T07:00:09                      12
================================================================================
[2026-03-25T07:00:49.161+0000] {manager.py:997} INFO - 
================================================================================
DAG File Processing Stats

File Path                          PID    Runtime      # DAGs    # Errors  Last Runtime    Last Run               Last # of DB Queries
---------------------------------  -----  ---------  --------  ----------  --------------  -------------------  ----------------------
/opt/airflow/dags/currency_dag.py                           1           0  0.40s           2026-03-25T07:00:40                      12
================================================================================
[2026-03-25T07:01:19.241+0000] {manager.py:997} INFO - 
================================================================================
DAG File Processing Stats

File Path                          PID    Runtime      # DAGs    # Errors  Last Runtime    Last Run               Last # of DB Queries
---------------------------------  -----  ---------  --------  ----------  --------------  -------------------  ----------------------
/opt/airflow/dags/currency_dag.py                           1           0  0.41s           2026-03-25T07:01:11                      12
================================================================================
[2026-03-25T07:01:49.453+0000] {manager.py:997} INFO - 
================================================================================
DAG File Processing Stats

File Path                          PID    Runtime      # DAGs    # Errors  Last Runtime    Last Run               Last # of DB Queries
---------------------------------  -----  ---------  --------  ----------  --------------  -------------------  ----------------------
/opt/airflow/dags/currency_dag.py                           1           0  0.39s           2026-03-25T07:01:41                      12
================================================================================
[2026-03-25T07:02:19.566+0000] {manager.py:997} INFO - 
================================================================================
DAG File Processing Stats

File Path                          PID    Runtime      # DAGs    # Errors  Last Runtime    Last Run               Last # of DB Queries
---------------------------------  -----  ---------  --------  ----------  --------------  -------------------  ----------------------
/opt/airflow/dags/currency_dag.py                           1           0  0.51s           2026-03-25T07:02:12                      12
================================================================================
[2026-03-25T07:02:49.759+0000] {manager.py:997} INFO - 
================================================================================
DAG File Processing Stats

File Path                          PID    Runtime      # DAGs    # Errors  Last Runtime    Last Run               Last # of DB Queries
---------------------------------  -----  ---------  --------  ----------  --------------  -------------------  ----------------------
/opt/airflow/dags/currency_dag.py                           1           0  0.41s           2026-03-25T07:02:43                      12
================================================================================
[2026-03-25T07:03:02.234+0000] {manager.py:821} INFO - Searching for files in /opt/airflow/dags
[2026-03-25T07:03:02.261+0000] {manager.py:824} INFO - There are 1 files in /opt/airflow/dags
[2026-03-25T07:03:19.784+0000] {manager.py:997} INFO - 
================================================================================
DAG File Processing Stats

File Path                          PID    Runtime      # DAGs    # Errors  Last Runtime    Last Run               Last # of DB Queries
---------------------------------  -----  ---------  --------  ----------  --------------  -------------------  ----------------------
/opt/airflow/dags/currency_dag.py                           1           0  0.41s           2026-03-25T07:03:13                      12
================================================================================
[2026-03-25T07:03:50.008+0000] {manager.py:997} INFO - 
================================================================================
DAG File Processing Stats

File Path                          PID    Runtime      # DAGs    # Errors  Last Runtime    Last Run               Last # of DB Queries
---------------------------------  -----  ---------  --------  ----------  --------------  -------------------  ----------------------
/opt/airflow/dags/currency_dag.py                           1           0  0.53s           2026-03-25T07:03:44                      12
================================================================================
[2026-03-25T07:04:20.188+0000] {manager.py:997} INFO - 
================================================================================
DAG File Processing Stats

File Path                          PID    Runtime      # DAGs    # Errors  Last Runtime    Last Run               Last # of DB Queries
---------------------------------  -----  ---------  --------  ----------  --------------  -------------------  ----------------------
/opt/airflow/dags/currency_dag.py                           1           0  0.42s           2026-03-25T07:04:15                      12
================================================================================
[2026-03-25T07:04:50.444+0000] {manager.py:997} INFO - 
================================================================================
DAG File Processing Stats

File Path                          PID    Runtime      # DAGs    # Errors  Last Runtime    Last Run               Last # of DB Queries
---------------------------------  -----  ---------  --------  ----------  --------------  -------------------  ----------------------
/opt/airflow/dags/currency_dag.py                           1           0  0.41s           2026-03-25T07:04:45                      12
================================================================================
[2026-03-25T07:05:20.459+0000] {manager.py:997} INFO - 
================================================================================
DAG File Processing Stats

File Path                          PID    Runtime      # DAGs    # Errors  Last Runtime    Last Run               Last # of DB Queries
---------------------------------  -----  ---------  --------  ----------  --------------  -------------------  ----------------------
/opt/airflow/dags/currency_dag.py                           1           0  0.42s           2026-03-25T07:05:16                      12
================================================================================
[2026-03-25T07:05:50.688+0000] {manager.py:997} INFO - 
================================================================================
DAG File Processing Stats

File Path                          PID    Runtime      # DAGs    # Errors  Last Runtime    Last Run               Last # of DB Queries
---------------------------------  -----  ---------  --------  ----------  --------------  -------------------  ----------------------
/opt/airflow/dags/currency_dag.py                           1           0  0.42s           2026-03-25T07:05:47                      12
================================================================================
[2026-03-25T07:06:20.714+0000] {manager.py:997} INFO - 
================================================================================
DAG File Processing Stats

File Path                          PID    Runtime      # DAGs    # Errors  Last Runtime    Last Run               Last # of DB Queries
---------------------------------  -----  ---------  --------  ----------  --------------  -------------------  ----------------------
/opt/airflow/dags/currency_dag.py                           1           0  0.42s           2026-03-25T07:06:17                      12
================================================================================
[2026-03-25T07:06:50.889+0000] {manager.py:997} INFO - 
================================================================================
DAG File Processing Stats

File Path                          PID    Runtime      # DAGs    # Errors  Last Runtime    Last Run               Last # of DB Queries
---------------------------------  -----  ---------  --------  ----------  --------------  -------------------  ----------------------
/opt/airflow/dags/currency_dag.py                           1           0  0.40s           2026-03-25T07:06:48                      12
================================================================================
[2026-03-25T07:07:21.119+0000] {manager.py:997} INFO - 
================================================================================
DAG File Processing Stats

File Path                          PID    Runtime      # DAGs    # Errors  Last Runtime    Last Run               Last # of DB Queries
---------------------------------  -----  ---------  --------  ----------  --------------  -------------------  ----------------------
/opt/airflow/dags/currency_dag.py                           1           0  0.57s           2026-03-25T07:07:19                      12
================================================================================
[2026-03-25T07:07:51.373+0000] {manager.py:997} INFO - 
================================================================================
DAG File Processing Stats

File Path                          PID    Runtime      # DAGs    # Errors  Last Runtime    Last Run               Last # of DB Queries
---------------------------------  -----  ---------  --------  ----------  --------------  -------------------  ----------------------
/opt/airflow/dags/currency_dag.py                           1           0  0.40s           2026-03-25T07:07:49                      12
================================================================================
[2026-03-25T07:08:02.465+0000] {manager.py:821} INFO - Searching for files in /opt/airflow/dags
[2026-03-25T07:08:02.493+0000] {manager.py:824} INFO - There are 1 files in /opt/airflow/dags
[2026-03-25T07:08:21.415+0000] {manager.py:997} INFO - 
================================================================================
DAG File Processing Stats

File Path                          PID    Runtime      # DAGs    # Errors  Last Runtime    Last Run               Last # of DB Queries
---------------------------------  -----  ---------  --------  ----------  --------------  -------------------  ----------------------
/opt/airflow/dags/currency_dag.py                           1           0  0.40s           2026-03-25T07:08:20                      12
================================================================================
[2026-03-25T07:08:51.650+0000] {manager.py:997} INFO - 
================================================================================
DAG File Processing Stats

File Path                          PID    Runtime      # DAGs    # Errors  Last Runtime    Last Run               Last # of DB Queries
---------------------------------  -----  ---------  --------  ----------  --------------  -------------------  ----------------------
/opt/airflow/dags/currency_dag.py                           1           0  0.40s           2026-03-25T07:08:51                      12
================================================================================
[2026-03-25T07:09:21.672+0000] {manager.py:997} INFO - 
================================================================================
DAG File Processing Stats

File Path                          PID    Runtime      # DAGs    # Errors  Last Runtime    Last Run               Last # of DB Queries
---------------------------------  -----  ---------  --------  ----------  --------------  -------------------  ----------------------
/opt/airflow/dags/currency_dag.py                           1           0  0.40s           2026-03-25T07:09:21                      12
================================================================================
[2026-03-25T07:09:51.858+0000] {manager.py:997} INFO - 
================================================================================
DAG File Processing Stats

File Path                            PID  Runtime      # DAGs    # Errors  Last Runtime    Last Run               Last # of DB Queries
---------------------------------  -----  ---------  --------  ----------  --------------  -------------------  ----------------------
/opt/airflow/dags/currency_dag.py    502  0.00s             1           0  0.40s           2026-03-25T07:09:21                      12
================================================================================
[2026-03-25T07:10:22.097+0000] {manager.py:997} INFO - 
================================================================================
DAG File Processing Stats

File Path                          PID    Runtime      # DAGs    # Errors  Last Runtime    Last Run               Last # of DB Queries
---------------------------------  -----  ---------  --------  ----------  --------------  -------------------  ----------------------
/opt/airflow/dags/currency_dag.py                           1           0  0.41s           2026-03-25T07:09:52                      12
================================================================================
[2026-03-25T07:10:52.213+0000] {manager.py:997} INFO - 
================================================================================
DAG File Processing Stats

File Path                          PID    Runtime      # DAGs    # Errors  Last Runtime    Last Run               Last # of DB Queries
---------------------------------  -----  ---------  --------  ----------  --------------  -------------------  ----------------------
/opt/airflow/dags/currency_dag.py                           1           0  0.40s           2026-03-25T07:10:22                      12
================================================================================
[2026-03-25T07:11:22.428+0000] {manager.py:997} INFO - 
================================================================================
DAG File Processing Stats

File Path                          PID    Runtime      # DAGs    # Errors  Last Runtime    Last Run               Last # of DB Queries
---------------------------------  -----  ---------  --------  ----------  --------------  -------------------  ----------------------
/opt/airflow/dags/currency_dag.py                           1           0  0.44s           2026-03-25T07:10:53                      12
================================================================================
[2026-03-25T07:11:52.475+0000] {manager.py:997} INFO - 
================================================================================
DAG File Processing Stats

File Path                          PID    Runtime      # DAGs    # Errors  Last Runtime    Last Run               Last # of DB Queries
---------------------------------  -----  ---------  --------  ----------  --------------  -------------------  ----------------------
/opt/airflow/dags/currency_dag.py                           1           0  0.41s           2026-03-25T07:11:24                      12
================================================================================
[2026-03-25T07:12:22.760+0000] {manager.py:997} INFO - 
================================================================================
DAG File Processing Stats

File Path                          PID    Runtime      # DAGs    # Errors  Last Runtime    Last Run               Last # of DB Queries
---------------------------------  -----  ---------  --------  ----------  --------------  -------------------  ----------------------
/opt/airflow/dags/currency_dag.py                           1           0  0.42s           2026-03-25T07:11:54                      12
================================================================================
[2026-03-25T07:12:52.786+0000] {manager.py:997} INFO - 
================================================================================
DAG File Processing Stats

File Path                          PID    Runtime      # DAGs    # Errors  Last Runtime    Last Run               Last # of DB Queries
---------------------------------  -----  ---------  --------  ----------  --------------  -------------------  ----------------------
/opt/airflow/dags/currency_dag.py                           1           0  0.41s           2026-03-25T07:12:25                      12
================================================================================
[2026-03-25T07:13:02.865+0000] {manager.py:821} INFO - Searching for files in /opt/airflow/dags
[2026-03-25T07:13:02.890+0000] {manager.py:824} INFO - There are 1 files in /opt/airflow/dags
[2026-03-25T07:13:23.035+0000] {manager.py:997} INFO - 
================================================================================
DAG File Processing Stats

File Path                          PID    Runtime      # DAGs    # Errors  Last Runtime    Last Run               Last # of DB Queries
---------------------------------  -----  ---------  --------  ----------  --------------  -------------------  ----------------------
/opt/airflow/dags/currency_dag.py                           1           0  0.40s           2026-03-25T07:12:56                      12
================================================================================
[2026-03-25T07:13:53.045+0000] {manager.py:997} INFO - 
================================================================================
DAG File Processing Stats

File Path                          PID    Runtime      # DAGs    # Errors  Last Runtime    Last Run               Last # of DB Queries
---------------------------------  -----  ---------  --------  ----------  --------------  -------------------  ----------------------
/opt/airflow/dags/currency_dag.py                           1           0  0.41s           2026-03-25T07:13:26                      12
================================================================================
[2026-03-25T07:14:23.304+0000] {manager.py:997} INFO - 
================================================================================
DAG File Processing Stats

File Path                          PID    Runtime      # DAGs    # Errors  Last Runtime    Last Run               Last # of DB Queries
---------------------------------  -----  ---------  --------  ----------  --------------  -------------------  ----------------------
/opt/airflow/dags/currency_dag.py                           1           0  0.43s           2026-03-25T07:13:57                      12
================================================================================
[2026-03-25T07:14:53.411+0000] {manager.py:997} INFO - 
================================================================================
DAG File Processing Stats

File Path                          PID    Runtime      # DAGs    # Errors  Last Runtime    Last Run               Last # of DB Queries
---------------------------------  -----  ---------  --------  ----------  --------------  -------------------  ----------------------
/opt/airflow/dags/currency_dag.py                           1           0  0.44s           2026-03-25T07:14:28                      12
================================================================================
[2026-03-25T07:15:23.697+0000] {manager.py:997} INFO - 
================================================================================
DAG File Processing Stats

File Path                          PID    Runtime      # DAGs    # Errors  Last Runtime    Last Run               Last # of DB Queries
---------------------------------  -----  ---------  --------  ----------  --------------  -------------------  ----------------------
/opt/airflow/dags/currency_dag.py                           1           0  0.42s           2026-03-25T07:14:58                      12
================================================================================
[2026-03-25T07:15:53.709+0000] {manager.py:997} INFO - 
================================================================================
DAG File Processing Stats

File Path                          PID    Runtime      # DAGs    # Errors  Last Runtime    Last Run               Last # of DB Queries
---------------------------------  -----  ---------  --------  ----------  --------------  -------------------  ----------------------
/opt/airflow/dags/currency_dag.py                           1           0  0.40s           2026-03-25T07:15:29                      12
================================================================================
[2026-03-25T07:16:23.925+0000] {manager.py:997} INFO - 
================================================================================
DAG File Processing Stats

File Path                          PID    Runtime      # DAGs    # Errors  Last Runtime    Last Run               Last # of DB Queries
---------------------------------  -----  ---------  --------  ----------  --------------  -------------------  ----------------------
/opt/airflow/dags/currency_dag.py                           1           0  0.41s           2026-03-25T07:16:00                      12
================================================================================
[2026-03-25T07:16:54.512+0000] {manager.py:997} INFO - 
================================================================================
DAG File Processing Stats

File Path                          PID    Runtime      # DAGs    # Errors  Last Runtime    Last Run               Last # of DB Queries
---------------------------------  -----  ---------  --------  ----------  --------------  -------------------  ----------------------
/opt/airflow/dags/currency_dag.py                           1           0  0.40s           2026-03-25T07:16:30                      12
================================================================================
[2026-03-25T07:17:24.521+0000] {manager.py:997} INFO - 
================================================================================
DAG File Processing Stats

File Path                          PID    Runtime      # DAGs    # Errors  Last Runtime    Last Run               Last # of DB Queries
---------------------------------  -----  ---------  --------  ----------  --------------  -------------------  ----------------------
/opt/airflow/dags/currency_dag.py                           1           0  0.40s           2026-03-25T07:17:01                      12
================================================================================
[2026-03-25T07:17:54.811+0000] {manager.py:997} INFO - 
================================================================================
DAG File Processing Stats

File Path                          PID    Runtime      # DAGs    # Errors  Last Runtime    Last Run               Last # of DB Queries
---------------------------------  -----  ---------  --------  ----------  --------------  -------------------  ----------------------
/opt/airflow/dags/currency_dag.py                           1           0  0.41s           2026-03-25T07:17:32                      12
================================================================================
[2026-03-25T07:18:03.297+0000] {manager.py:821} INFO - Searching for files in /opt/airflow/dags
[2026-03-25T07:18:03.322+0000] {manager.py:824} INFO - There are 1 files in /opt/airflow/dags
[2026-03-25T07:18:24.869+0000] {manager.py:997} INFO - 
================================================================================
DAG File Processing Stats

File Path                          PID    Runtime      # DAGs    # Errors  Last Runtime    Last Run               Last # of DB Queries
---------------------------------  -----  ---------  --------  ----------  --------------  -------------------  ----------------------
/opt/airflow/dags/currency_dag.py                           1           0  0.43s           2026-03-25T07:18:02                      12
================================================================================
[2026-03-25T07:18:55.126+0000] {manager.py:997} INFO - 
================================================================================
DAG File Processing Stats

File Path                          PID    Runtime      # DAGs    # Errors  Last Runtime    Last Run               Last # of DB Queries
---------------------------------  -----  ---------  --------  ----------  --------------  -------------------  ----------------------
/opt/airflow/dags/currency_dag.py                           1           0  0.43s           2026-03-25T07:18:33                      12
================================================================================
[2026-03-25T07:19:25.234+0000] {manager.py:997} INFO - 
================================================================================
DAG File Processing Stats

File Path                          PID    Runtime      # DAGs    # Errors  Last Runtime    Last Run               Last # of DB Queries
---------------------------------  -----  ---------  --------  ----------  --------------  -------------------  ----------------------
/opt/airflow/dags/currency_dag.py                           1           0  0.42s           2026-03-25T07:19:04                      12
================================================================================
[2026-03-25T07:19:55.471+0000] {manager.py:997} INFO - 
================================================================================
DAG File Processing Stats

File Path                          PID    Runtime      # DAGs    # Errors  Last Runtime    Last Run               Last # of DB Queries
---------------------------------  -----  ---------  --------  ----------  --------------  -------------------  ----------------------
/opt/airflow/dags/currency_dag.py                           1           0  0.40s           2026-03-25T07:19:34                      12
================================================================================
[2026-03-25T07:20:25.520+0000] {manager.py:997} INFO - 
================================================================================
DAG File Processing Stats

File Path                          PID    Runtime      # DAGs    # Errors  Last Runtime    Last Run               Last # of DB Queries
---------------------------------  -----  ---------  --------  ----------  --------------  -------------------  ----------------------
/opt/airflow/dags/currency_dag.py                           1           0  0.41s           2026-03-25T07:20:05                      12
================================================================================
[2026-03-25T07:20:55.770+0000] {manager.py:997} INFO - 
================================================================================
DAG File Processing Stats

File Path                          PID    Runtime      # DAGs    # Errors  Last Runtime    Last Run               Last # of DB Queries
---------------------------------  -----  ---------  --------  ----------  --------------  -------------------  ----------------------
/opt/airflow/dags/currency_dag.py                           1           0  0.40s           2026-03-25T07:20:36                      12
================================================================================
[2026-03-25T07:21:25.787+0000] {manager.py:997} INFO - 
================================================================================
DAG File Processing Stats

File Path                          PID    Runtime      # DAGs    # Errors  Last Runtime    Last Run               Last # of DB Queries
---------------------------------  -----  ---------  --------  ----------  --------------  -------------------  ----------------------
/opt/airflow/dags/currency_dag.py                           1           0  0.42s           2026-03-25T07:21:06                      12
================================================================================
[2026-03-25T07:21:56.028+0000] {manager.py:997} INFO - 
================================================================================
DAG File Processing Stats

File Path                          PID    Runtime      # DAGs    # Errors  Last Runtime    Last Run               Last # of DB Queries
---------------------------------  -----  ---------  --------  ----------  --------------  -------------------  ----------------------
/opt/airflow/dags/currency_dag.py                           1           0  0.44s           2026-03-25T07:21:37                      12
================================================================================
[2026-03-25T07:22:26.119+0000] {manager.py:997} INFO - 
================================================================================
DAG File Processing Stats

File Path                          PID    Runtime      # DAGs    # Errors  Last Runtime    Last Run               Last # of DB Queries
---------------------------------  -----  ---------  --------  ----------  --------------  -------------------  ----------------------
/opt/airflow/dags/currency_dag.py                           1           0  0.41s           2026-03-25T07:22:07                      12
================================================================================
[2026-03-25T07:22:56.360+0000] {manager.py:997} INFO - 
================================================================================
DAG File Processing Stats

File Path                          PID    Runtime      # DAGs    # Errors  Last Runtime    Last Run               Last # of DB Queries
---------------------------------  -----  ---------  --------  ----------  --------------  -------------------  ----------------------
/opt/airflow/dags/currency_dag.py                           1           0  0.40s           2026-03-25T07:22:38                      12
================================================================================
[2026-03-25T07:23:03.410+0000] {manager.py:821} INFO - Searching for files in /opt/airflow/dags
[2026-03-25T07:23:03.435+0000] {manager.py:824} INFO - There are 1 files in /opt/airflow/dags
[2026-03-25T07:23:26.430+0000] {manager.py:997} INFO - 
================================================================================
DAG File Processing Stats

File Path                          PID    Runtime      # DAGs    # Errors  Last Runtime    Last Run               Last # of DB Queries
---------------------------------  -----  ---------  --------  ----------  --------------  -------------------  ----------------------
/opt/airflow/dags/currency_dag.py                           1           0  0.44s           2026-03-25T07:23:09                      12
================================================================================
[2026-03-25T07:23:56.721+0000] {manager.py:997} INFO - 
================================================================================
DAG File Processing Stats

File Path                          PID    Runtime      # DAGs    # Errors  Last Runtime    Last Run               Last # of DB Queries
---------------------------------  -----  ---------  --------  ----------  --------------  -------------------  ----------------------
/opt/airflow/dags/currency_dag.py                           1           0  0.40s           2026-03-25T07:23:39                      12
================================================================================
[2026-03-25T07:24:27.294+0000] {manager.py:997} INFO - 
================================================================================
DAG File Processing Stats

File Path                          PID    Runtime      # DAGs    # Errors  Last Runtime    Last Run               Last # of DB Queries
---------------------------------  -----  ---------  --------  ----------  --------------  -------------------  ----------------------
/opt/airflow/dags/currency_dag.py                           1           0  0.40s           2026-03-25T07:24:10                      12
================================================================================
[2026-03-25T07:24:57.324+0000] {manager.py:997} INFO - 
================================================================================
DAG File Processing Stats

File Path                          PID    Runtime      # DAGs    # Errors  Last Runtime    Last Run               Last # of DB Queries
---------------------------------  -----  ---------  --------  ----------  --------------  -------------------  ----------------------
/opt/airflow/dags/currency_dag.py                           1           0  0.41s           2026-03-25T07:24:41                      12
================================================================================
[2026-03-25T07:25:27.650+0000] {manager.py:997} INFO - 
================================================================================
DAG File Processing Stats

File Path                          PID    Runtime      # DAGs    # Errors  Last Runtime    Last Run               Last # of DB Queries
---------------------------------  -----  ---------  --------  ----------  --------------  -------------------  ----------------------
/opt/airflow/dags/currency_dag.py                           1           0  0.43s           2026-03-25T07:25:11                      12
================================================================================
[2026-03-25T07:25:57.664+0000] {manager.py:997} INFO - 
================================================================================
DAG File Processing Stats

File Path                          PID    Runtime      # DAGs    # Errors  Last Runtime    Last Run               Last # of DB Queries
---------------------------------  -----  ---------  --------  ----------  --------------  -------------------  ----------------------
/opt/airflow/dags/currency_dag.py                           1           0  0.41s           2026-03-25T07:25:42                      12
================================================================================
[2026-03-25T07:26:27.876+0000] {manager.py:997} INFO - 
================================================================================
DAG File Processing Stats

File Path                          PID    Runtime      # DAGs    # Errors  Last Runtime    Last Run               Last # of DB Queries
---------------------------------  -----  ---------  --------  ----------  --------------  -------------------  ----------------------
/opt/airflow/dags/currency_dag.py                           1           0  0.41s           2026-03-25T07:26:13                      12
================================================================================
[2026-03-25T07:26:58.441+0000] {manager.py:997} INFO - 
================================================================================
DAG File Processing Stats

File Path                          PID    Runtime      # DAGs    # Errors  Last Runtime    Last Run               Last # of DB Queries
---------------------------------  -----  ---------  --------  ----------  --------------  -------------------  ----------------------
/opt/airflow/dags/currency_dag.py                           1           0  0.42s           2026-03-25T07:26:43                      12
================================================================================
[2026-03-25T07:27:28.570+0000] {manager.py:997} INFO - 
================================================================================
DAG File Processing Stats

File Path                          PID    Runtime      # DAGs    # Errors  Last Runtime    Last Run               Last # of DB Queries
---------------------------------  -----  ---------  --------  ----------  --------------  -------------------  ----------------------
/opt/airflow/dags/currency_dag.py                           1           0  0.41s           2026-03-25T07:27:14                      12
================================================================================
[2026-03-25T07:27:58.770+0000] {manager.py:997} INFO - 
================================================================================
DAG File Processing Stats

File Path                          PID    Runtime      # DAGs    # Errors  Last Runtime    Last Run               Last # of DB Queries
---------------------------------  -----  ---------  --------  ----------  --------------  -------------------  ----------------------
/opt/airflow/dags/currency_dag.py                           1           0  0.41s           2026-03-25T07:27:45                      12
================================================================================
[2026-03-25T07:28:03.795+0000] {manager.py:821} INFO - Searching for files in /opt/airflow/dags
[2026-03-25T07:28:03.810+0000] {manager.py:824} INFO - There are 1 files in /opt/airflow/dags
[2026-03-25T07:28:28.801+0000] {manager.py:997} INFO - 
================================================================================
DAG File Processing Stats

File Path                          PID    Runtime      # DAGs    # Errors  Last Runtime    Last Run               Last # of DB Queries
---------------------------------  -----  ---------  --------  ----------  --------------  -------------------  ----------------------
/opt/airflow/dags/currency_dag.py                           1           0  0.41s           2026-03-25T07:28:15                      12
================================================================================
[2026-03-25T07:28:58.981+0000] {manager.py:997} INFO - 
================================================================================
DAG File Processing Stats

File Path                          PID    Runtime      # DAGs    # Errors  Last Runtime    Last Run               Last # of DB Queries
---------------------------------  -----  ---------  --------  ----------  --------------  -------------------  ----------------------
/opt/airflow/dags/currency_dag.py                           1           0  0.43s           2026-03-25T07:28:46                      12
================================================================================
[2026-03-25T07:29:29.025+0000] {manager.py:997} INFO - 
================================================================================
DAG File Processing Stats

File Path                          PID    Runtime      # DAGs    # Errors  Last Runtime    Last Run               Last # of DB Queries
---------------------------------  -----  ---------  --------  ----------  --------------  -------------------  ----------------------
/opt/airflow/dags/currency_dag.py                           1           0  0.46s           2026-03-25T07:29:16                      12
================================================================================
[2026-03-25T07:29:59.190+0000] {manager.py:997} INFO - 
================================================================================
DAG File Processing Stats

File Path                          PID    Runtime      # DAGs    # Errors  Last Runtime    Last Run               Last # of DB Queries
---------------------------------  -----  ---------  --------  ----------  --------------  -------------------  ----------------------
/opt/airflow/dags/currency_dag.py                           1           0  0.49s           2026-03-25T07:29:47                      12
================================================================================
[2026-03-25T07:30:29.351+0000] {manager.py:997} INFO - 
================================================================================
DAG File Processing Stats

File Path                          PID    Runtime      # DAGs    # Errors  Last Runtime    Last Run               Last # of DB Queries
---------------------------------  -----  ---------  --------  ----------  --------------  -------------------  ----------------------
/opt/airflow/dags/currency_dag.py                           1           0  0.52s           2026-03-25T07:30:18                      12
================================================================================
[2026-03-25T07:30:59.579+0000] {manager.py:997} INFO - 
================================================================================
DAG File Processing Stats

File Path                          PID    Runtime      # DAGs    # Errors  Last Runtime    Last Run               Last # of DB Queries
---------------------------------  -----  ---------  --------  ----------  --------------  -------------------  ----------------------
/opt/airflow/dags/currency_dag.py                           1           0  0.43s           2026-03-25T07:30:48                      12
================================================================================
[2026-03-25T07:31:30.129+0000] {manager.py:997} INFO - 
================================================================================
DAG File Processing Stats

File Path                          PID    Runtime      # DAGs    # Errors  Last Runtime    Last Run               Last # of DB Queries
---------------------------------  -----  ---------  --------  ----------  --------------  -------------------  ----------------------
/opt/airflow/dags/currency_dag.py                           1           0  0.42s           2026-03-25T07:31:19                      12
================================================================================
[2026-03-25T07:32:00.254+0000] {manager.py:997} INFO - 
================================================================================
DAG File Processing Stats

File Path                          PID    Runtime      # DAGs    # Errors  Last Runtime    Last Run               Last # of DB Queries
---------------------------------  -----  ---------  --------  ----------  --------------  -------------------  ----------------------
/opt/airflow/dags/currency_dag.py                           1           0  0.50s           2026-03-25T07:31:50                      12
================================================================================
[2026-03-25T07:32:30.444+0000] {manager.py:997} INFO - 
================================================================================
DAG File Processing Stats

File Path                          PID    Runtime      # DAGs    # Errors  Last Runtime    Last Run               Last # of DB Queries
---------------------------------  -----  ---------  --------  ----------  --------------  -------------------  ----------------------
/opt/airflow/dags/currency_dag.py                           1           0  0.41s           2026-03-25T07:32:20                      12
================================================================================
[2026-03-25T07:33:01.020+0000] {manager.py:997} INFO - 
================================================================================
DAG File Processing Stats

File Path                          PID    Runtime      # DAGs    # Errors  Last Runtime    Last Run               Last # of DB Queries
---------------------------------  -----  ---------  --------  ----------  --------------  -------------------  ----------------------
/opt/airflow/dags/currency_dag.py                           1           0  0.43s           2026-03-25T07:32:51                      12
================================================================================
[2026-03-25T07:33:04.030+0000] {manager.py:821} INFO - Searching for files in /opt/airflow/dags
[2026-03-25T07:33:04.048+0000] {manager.py:824} INFO - There are 1 files in /opt/airflow/dags
[2026-03-25T07:33:24.465+0000] {manager.py:465} INFO - Exiting gracefully upon receiving signal 15
[2026-03-25T07:33:44.602+0000] {manager.py:483} INFO - Processing files using up to 2 processes at a time 
[2026-03-25T07:33:44.603+0000] {manager.py:484} INFO - Process each file at most once every 30 seconds
[2026-03-25T07:33:44.603+0000] {manager.py:485} INFO - Checking for new files in /opt/airflow/dags every 300 seconds
[2026-03-25T07:33:44.604+0000] {manager.py:821} INFO - Searching for files in /opt/airflow/dags
[2026-03-25T07:33:44.655+0000] {manager.py:824} INFO - There are 1 files in /opt/airflow/dags
[2026-03-25T07:33:44.815+0000] {manager.py:997} INFO - 
================================================================================
DAG File Processing Stats

File Path                            PID  Runtime      # DAGs    # Errors  Last Runtime    Last Run      Last # of DB Queries
---------------------------------  -----  ---------  --------  ----------  --------------  ----------  ----------------------
/opt/airflow/dags/currency_dag.py    169  0.05s             0           0                                                   0
================================================================================
[2026-03-25T07:34:14.995+0000] {manager.py:997} INFO - 
================================================================================
DAG File Processing Stats

File Path                          PID    Runtime      # DAGs    # Errors  Last Runtime    Last Run               Last # of DB Queries
---------------------------------  -----  ---------  --------  ----------  --------------  -------------------  ----------------------
/opt/airflow/dags/currency_dag.py                           1           0  1.24s           2026-03-25T07:33:46                      12
================================================================================
[2026-03-25T07:34:45.377+0000] {manager.py:997} INFO - 
================================================================================
DAG File Processing Stats

File Path                          PID    Runtime      # DAGs    # Errors  Last Runtime    Last Run               Last # of DB Queries
---------------------------------  -----  ---------  --------  ----------  --------------  -------------------  ----------------------
/opt/airflow/dags/currency_dag.py                           1           0  0.47s           2026-03-25T07:34:16                      12
================================================================================
[2026-03-25T07:35:15.514+0000] {manager.py:997} INFO - 
================================================================================
DAG File Processing Stats

File Path                          PID    Runtime      # DAGs    # Errors  Last Runtime    Last Run               Last # of DB Queries
---------------------------------  -----  ---------  --------  ----------  --------------  -------------------  ----------------------
/opt/airflow/dags/currency_dag.py                           1           0  0.47s           2026-03-25T07:34:47                      12
================================================================================
[2026-03-25T07:35:45.791+0000] {manager.py:997} INFO - 
================================================================================
DAG File Processing Stats

File Path                          PID    Runtime      # DAGs    # Errors  Last Runtime    Last Run               Last # of DB Queries
---------------------------------  -----  ---------  --------  ----------  --------------  -------------------  ----------------------
/opt/airflow/dags/currency_dag.py                           1           0  0.43s           2026-03-25T07:35:18                      12
================================================================================
[2026-03-25T07:36:16.390+0000] {manager.py:997} INFO - 
================================================================================
DAG File Processing Stats

File Path                          PID    Runtime      # DAGs    # Errors  Last Runtime    Last Run               Last # of DB Queries
---------------------------------  -----  ---------  --------  ----------  --------------  -------------------  ----------------------
/opt/airflow/dags/currency_dag.py                           1           0  0.42s           2026-03-25T07:35:48                      12
================================================================================
[2026-03-25T07:36:46.971+0000] {manager.py:997} INFO - 
================================================================================
DAG File Processing Stats

File Path                          PID    Runtime      # DAGs    # Errors  Last Runtime    Last Run               Last # of DB Queries
---------------------------------  -----  ---------  --------  ----------  --------------  -------------------  ----------------------
/opt/airflow/dags/currency_dag.py                           1           0  0.45s           2026-03-25T07:36:19                      12
================================================================================
[2026-03-25T07:37:17.076+0000] {manager.py:997} INFO - 
================================================================================
DAG File Processing Stats

File Path                          PID    Runtime      # DAGs    # Errors  Last Runtime    Last Run               Last # of DB Queries
---------------------------------  -----  ---------  --------  ----------  --------------  -------------------  ----------------------
/opt/airflow/dags/currency_dag.py                           1           0  0.51s           2026-03-25T07:36:49                      12
================================================================================
[2026-03-25T07:37:47.277+0000] {manager.py:997} INFO - 
================================================================================
DAG File Processing Stats

File Path                          PID    Runtime      # DAGs    # Errors  Last Runtime    Last Run               Last # of DB Queries
---------------------------------  -----  ---------  --------  ----------  --------------  -------------------  ----------------------
/opt/airflow/dags/currency_dag.py                           1           0  0.51s           2026-03-25T07:37:20                      12
================================================================================
[2026-03-25T07:38:17.412+0000] {manager.py:997} INFO - 
================================================================================
DAG File Processing Stats

File Path                          PID    Runtime      # DAGs    # Errors  Last Runtime    Last Run               Last # of DB Queries
---------------------------------  -----  ---------  --------  ----------  --------------  -------------------  ----------------------
/opt/airflow/dags/currency_dag.py                           1           0  0.44s           2026-03-25T07:37:51                      12
================================================================================
[2026-03-25T07:38:44.632+0000] {manager.py:821} INFO - Searching for files in /opt/airflow/dags
[2026-03-25T07:38:44.657+0000] {manager.py:824} INFO - There are 1 files in /opt/airflow/dags
[2026-03-25T07:38:47.682+0000] {manager.py:997} INFO - 
================================================================================
DAG File Processing Stats

File Path                          PID    Runtime      # DAGs    # Errors  Last Runtime    Last Run               Last # of DB Queries
---------------------------------  -----  ---------  --------  ----------  --------------  -------------------  ----------------------
/opt/airflow/dags/currency_dag.py                           1           0  0.43s           2026-03-25T07:38:21                      12
================================================================================
[2026-03-25T07:39:17.712+0000] {manager.py:997} INFO - 
================================================================================
DAG File Processing Stats

File Path                          PID    Runtime      # DAGs    # Errors  Last Runtime    Last Run               Last # of DB Queries
---------------------------------  -----  ---------  --------  ----------  --------------  -------------------  ----------------------
/opt/airflow/dags/currency_dag.py                           1           0  0.42s           2026-03-25T07:38:52                      12
================================================================================
[2026-03-25T07:39:47.912+0000] {manager.py:997} INFO - 
================================================================================
DAG File Processing Stats

File Path                          PID    Runtime      # DAGs    # Errors  Last Runtime    Last Run               Last # of DB Queries
---------------------------------  -----  ---------  --------  ----------  --------------  -------------------  ----------------------
/opt/airflow/dags/currency_dag.py                           1           0  0.42s           2026-03-25T07:39:23                      12
================================================================================
[2026-03-25T07:40:17.962+0000] {manager.py:997} INFO - 
================================================================================
DAG File Processing Stats

File Path                          PID    Runtime      # DAGs    # Errors  Last Runtime    Last Run               Last # of DB Queries
---------------------------------  -----  ---------  --------  ----------  --------------  -------------------  ----------------------
/opt/airflow/dags/currency_dag.py                           1           0  0.41s           2026-03-25T07:39:53                      12
================================================================================
[2026-03-25T07:40:48.172+0000] {manager.py:997} INFO - 
================================================================================
DAG File Processing Stats

File Path                          PID    Runtime      # DAGs    # Errors  Last Runtime    Last Run               Last # of DB Queries
---------------------------------  -----  ---------  --------  ----------  --------------  -------------------  ----------------------
/opt/airflow/dags/currency_dag.py                           1           0  0.44s           2026-03-25T07:40:24                      12
================================================================================
[2026-03-25T07:41:18.292+0000] {manager.py:997} INFO - 
================================================================================
DAG File Processing Stats

File Path                          PID    Runtime      # DAGs    # Errors  Last Runtime    Last Run               Last # of DB Queries
---------------------------------  -----  ---------  --------  ----------  --------------  -------------------  ----------------------
/opt/airflow/dags/currency_dag.py                           1           0  0.43s           2026-03-25T07:40:55                      12
================================================================================
[2026-03-25T07:41:48.509+0000] {manager.py:997} INFO - 
================================================================================
DAG File Processing Stats

File Path                          PID    Runtime      # DAGs    # Errors  Last Runtime    Last Run               Last # of DB Queries
---------------------------------  -----  ---------  --------  ----------  --------------  -------------------  ----------------------
/opt/airflow/dags/currency_dag.py                           1           0  0.48s           2026-03-25T07:41:25                      12
================================================================================
[2026-03-25T07:42:18.589+0000] {manager.py:997} INFO - 
================================================================================
DAG File Processing Stats

File Path                          PID    Runtime      # DAGs    # Errors  Last Runtime    Last Run               Last # of DB Queries
---------------------------------  -----  ---------  --------  ----------  --------------  -------------------  ----------------------
/opt/airflow/dags/currency_dag.py                           1           0  0.41s           2026-03-25T07:41:56                      12
================================================================================
[2026-03-25T07:42:48.786+0000] {manager.py:997} INFO - 
================================================================================
DAG File Processing Stats

File Path                          PID    Runtime      # DAGs    # Errors  Last Runtime    Last Run               Last # of DB Queries
---------------------------------  -----  ---------  --------  ----------  --------------  -------------------  ----------------------
/opt/airflow/dags/currency_dag.py                           1           0  0.48s           2026-03-25T07:42:27                      12
================================================================================
[2026-03-25T07:43:18.889+0000] {manager.py:997} INFO - 
================================================================================
DAG File Processing Stats

File Path                          PID    Runtime      # DAGs    # Errors  Last Runtime    Last Run               Last # of DB Queries
---------------------------------  -----  ---------  --------  ----------  --------------  -------------------  ----------------------
/opt/airflow/dags/currency_dag.py                           1           0  0.48s           2026-03-25T07:42:57                      12
================================================================================
[2026-03-25T07:43:45.050+0000] {manager.py:821} INFO - Searching for files in /opt/airflow/dags
[2026-03-25T07:43:45.083+0000] {manager.py:824} INFO - There are 1 files in /opt/airflow/dags
[2026-03-25T07:43:49.112+0000] {manager.py:997} INFO - 
================================================================================
DAG File Processing Stats

File Path                          PID    Runtime      # DAGs    # Errors  Last Runtime    Last Run               Last # of DB Queries
---------------------------------  -----  ---------  --------  ----------  --------------  -------------------  ----------------------
/opt/airflow/dags/currency_dag.py                           1           0  0.43s           2026-03-25T07:43:28                      12
================================================================================
[2026-03-25T07:44:19.141+0000] {manager.py:997} INFO - 
================================================================================
DAG File Processing Stats

File Path                          PID    Runtime      # DAGs    # Errors  Last Runtime    Last Run               Last # of DB Queries
---------------------------------  -----  ---------  --------  ----------  --------------  -------------------  ----------------------
/opt/airflow/dags/currency_dag.py                           1           0  0.42s           2026-03-25T07:43:59                      12
================================================================================
[2026-03-25T07:44:49.323+0000] {manager.py:997} INFO - 
================================================================================
DAG File Processing Stats

File Path                          PID    Runtime      # DAGs    # Errors  Last Runtime    Last Run               Last # of DB Queries
---------------------------------  -----  ---------  --------  ----------  --------------  -------------------  ----------------------
/opt/airflow/dags/currency_dag.py                           1           0  0.57s           2026-03-25T07:44:29                      12
================================================================================
[2026-03-25T07:45:19.506+0000] {manager.py:997} INFO - 
================================================================================
DAG File Processing Stats

File Path                          PID    Runtime      # DAGs    # Errors  Last Runtime    Last Run               Last # of DB Queries
---------------------------------  -----  ---------  --------  ----------  --------------  -------------------  ----------------------
/opt/airflow/dags/currency_dag.py                           1           0  0.41s           2026-03-25T07:45:00                      12
================================================================================
[2026-03-25T07:45:49.757+0000] {manager.py:997} INFO - 
================================================================================
DAG File Processing Stats

File Path                          PID    Runtime      # DAGs    # Errors  Last Runtime    Last Run               Last # of DB Queries
---------------------------------  -----  ---------  --------  ----------  --------------  -------------------  ----------------------
/opt/airflow/dags/currency_dag.py                           1           0  0.40s           2026-03-25T07:45:31                      12
================================================================================
[2026-03-25T07:46:20.303+0000] {manager.py:997} INFO - 
================================================================================
DAG File Processing Stats

File Path                          PID    Runtime      # DAGs    # Errors  Last Runtime    Last Run               Last # of DB Queries
---------------------------------  -----  ---------  --------  ----------  --------------  -------------------  ----------------------
/opt/airflow/dags/currency_dag.py                           1           0  0.40s           2026-03-25T07:46:01                      12
================================================================================
[2026-03-25T07:46:50.309+0000] {manager.py:997} INFO - 
================================================================================
DAG File Processing Stats

File Path                          PID    Runtime      # DAGs    # Errors  Last Runtime    Last Run               Last # of DB Queries
---------------------------------  -----  ---------  --------  ----------  --------------  -------------------  ----------------------
/opt/airflow/dags/currency_dag.py                           1           0  0.38s           2026-03-25T07:46:32                      12
================================================================================
[2026-03-25T07:47:20.582+0000] {manager.py:997} INFO - 
================================================================================
DAG File Processing Stats

File Path                          PID    Runtime      # DAGs    # Errors  Last Runtime    Last Run               Last # of DB Queries
---------------------------------  -----  ---------  --------  ----------  --------------  -------------------  ----------------------
/opt/airflow/dags/currency_dag.py                           1           0  0.52s           2026-03-25T07:47:02                      12
================================================================================
[2026-03-25T07:47:50.747+0000] {manager.py:997} INFO - 
================================================================================
DAG File Processing Stats

File Path                          PID    Runtime      # DAGs    # Errors  Last Runtime    Last Run               Last # of DB Queries
---------------------------------  -----  ---------  --------  ----------  --------------  -------------------  ----------------------
/opt/airflow/dags/currency_dag.py                           1           0  0.39s           2026-03-25T07:47:33                      12
================================================================================
[2026-03-25T07:48:20.963+0000] {manager.py:997} INFO - 
================================================================================
DAG File Processing Stats

File Path                          PID    Runtime      # DAGs    # Errors  Last Runtime    Last Run               Last # of DB Queries
---------------------------------  -----  ---------  --------  ----------  --------------  -------------------  ----------------------
/opt/airflow/dags/currency_dag.py                           1           0  0.44s           2026-03-25T07:48:04                      12
================================================================================
[2026-03-25T07:48:45.577+0000] {manager.py:821} INFO - Searching for files in /opt/airflow/dags
[2026-03-25T07:48:45.608+0000] {manager.py:824} INFO - There are 1 files in /opt/airflow/dags
[2026-03-25T07:48:50.983+0000] {manager.py:997} INFO - 
================================================================================
DAG File Processing Stats

File Path                          PID    Runtime      # DAGs    # Errors  Last Runtime    Last Run               Last # of DB Queries
---------------------------------  -----  ---------  --------  ----------  --------------  -------------------  ----------------------
/opt/airflow/dags/currency_dag.py                           1           0  0.39s           2026-03-25T07:48:34                      12
================================================================================
[2026-03-25T07:49:21.218+0000] {manager.py:997} INFO - 
================================================================================
DAG File Processing Stats

File Path                          PID    Runtime      # DAGs    # Errors  Last Runtime    Last Run               Last # of DB Queries
---------------------------------  -----  ---------  --------  ----------  --------------  -------------------  ----------------------
/opt/airflow/dags/currency_dag.py                           1           0  0.40s           2026-03-25T07:49:05                      12
================================================================================
[2026-03-25T07:49:51.304+0000] {manager.py:997} INFO - 
================================================================================
DAG File Processing Stats

File Path                          PID    Runtime      # DAGs    # Errors  Last Runtime    Last Run               Last # of DB Queries
---------------------------------  -----  ---------  --------  ----------  --------------  -------------------  ----------------------
/opt/airflow/dags/currency_dag.py                           1           0  0.40s           2026-03-25T07:49:36                      12
================================================================================
[2026-03-25T07:50:21.585+0000] {manager.py:997} INFO - 
================================================================================
DAG File Processing Stats

File Path                          PID    Runtime      # DAGs    # Errors  Last Runtime    Last Run               Last # of DB Queries
---------------------------------  -----  ---------  --------  ----------  --------------  -------------------  ----------------------
/opt/airflow/dags/currency_dag.py                           1           0  0.39s           2026-03-25T07:50:06                      12
================================================================================
[2026-03-25T07:50:51.599+0000] {manager.py:997} INFO - 
================================================================================
DAG File Processing Stats

File Path                          PID    Runtime      # DAGs    # Errors  Last Runtime    Last Run               Last # of DB Queries
---------------------------------  -----  ---------  --------  ----------  --------------  -------------------  ----------------------
/opt/airflow/dags/currency_dag.py                           1           0  0.40s           2026-03-25T07:50:37                      12
================================================================================
[2026-03-25T07:51:21.803+0000] {manager.py:997} INFO - 
================================================================================
DAG File Processing Stats

File Path                          PID    Runtime      # DAGs    # Errors  Last Runtime    Last Run               Last # of DB Queries
---------------------------------  -----  ---------  --------  ----------  --------------  -------------------  ----------------------
/opt/airflow/dags/currency_dag.py                           1           0  0.40s           2026-03-25T07:51:08                      12
================================================================================
[2026-03-25T07:51:51.814+0000] {manager.py:997} INFO - 
================================================================================
DAG File Processing Stats

File Path                          PID    Runtime      # DAGs    # Errors  Last Runtime    Last Run               Last # of DB Queries
---------------------------------  -----  ---------  --------  ----------  --------------  -------------------  ----------------------
/opt/airflow/dags/currency_dag.py                           1           0  0.40s           2026-03-25T07:51:38                      12
================================================================================
[2026-03-25T07:52:22.020+0000] {manager.py:997} INFO - 
================================================================================
DAG File Processing Stats

File Path                          PID    Runtime      # DAGs    # Errors  Last Runtime    Last Run               Last # of DB Queries
---------------------------------  -----  ---------  --------  ----------  --------------  -------------------  ----------------------
/opt/airflow/dags/currency_dag.py                           1           0  0.42s           2026-03-25T07:52:09                      12
================================================================================
[2026-03-25T07:52:52.109+0000] {manager.py:997} INFO - 
================================================================================
DAG File Processing Stats

File Path                          PID    Runtime      # DAGs    # Errors  Last Runtime    Last Run               Last # of DB Queries
---------------------------------  -----  ---------  --------  ----------  --------------  -------------------  ----------------------
/opt/airflow/dags/currency_dag.py                           1           0  0.39s           2026-03-25T07:52:40                      12
================================================================================
[2026-03-25T07:53:22.287+0000] {manager.py:997} INFO - 
================================================================================
DAG File Processing Stats

File Path                          PID    Runtime      # DAGs    # Errors  Last Runtime    Last Run               Last # of DB Queries
---------------------------------  -----  ---------  --------  ----------  --------------  -------------------  ----------------------
/opt/airflow/dags/currency_dag.py                           1           0  0.40s           2026-03-25T07:53:10                      12
================================================================================
[2026-03-25T07:53:45.856+0000] {manager.py:821} INFO - Searching for files in /opt/airflow/dags
[2026-03-25T07:53:45.886+0000] {manager.py:824} INFO - There are 1 files in /opt/airflow/dags
[2026-03-25T07:53:52.291+0000] {manager.py:997} INFO - 
================================================================================
DAG File Processing Stats

File Path                          PID    Runtime      # DAGs    # Errors  Last Runtime    Last Run               Last # of DB Queries
---------------------------------  -----  ---------  --------  ----------  --------------  -------------------  ----------------------
/opt/airflow/dags/currency_dag.py                           1           0  0.40s           2026-03-25T07:53:41                      12
================================================================================
[2026-03-25T07:54:22.547+0000] {manager.py:997} INFO - 
================================================================================
DAG File Processing Stats

File Path                          PID    Runtime      # DAGs    # Errors  Last Runtime    Last Run               Last # of DB Queries
---------------------------------  -----  ---------  --------  ----------  --------------  -------------------  ----------------------
/opt/airflow/dags/currency_dag.py                           1           0  0.42s           2026-03-25T07:54:11                      12
================================================================================
[2026-03-25T07:54:52.589+0000] {manager.py:997} INFO - 
================================================================================
DAG File Processing Stats

File Path                          PID    Runtime      # DAGs    # Errors  Last Runtime    Last Run               Last # of DB Queries
---------------------------------  -----  ---------  --------  ----------  --------------  -------------------  ----------------------
/opt/airflow/dags/currency_dag.py                           1           0  0.39s           2026-03-25T07:54:42                      12
================================================================================
[2026-03-25T07:55:22.821+0000] {manager.py:997} INFO - 
================================================================================
DAG File Processing Stats

File Path                          PID    Runtime      # DAGs    # Errors  Last Runtime    Last Run               Last # of DB Queries
---------------------------------  -----  ---------  --------  ----------  --------------  -------------------  ----------------------
/opt/airflow/dags/currency_dag.py                           1           0  0.40s           2026-03-25T07:55:13                      12
================================================================================
[2026-03-25T07:55:53.407+0000] {manager.py:997} INFO - 
================================================================================
DAG File Processing Stats

File Path                          PID    Runtime      # DAGs    # Errors  Last Runtime    Last Run               Last # of DB Queries
---------------------------------  -----  ---------  --------  ----------  --------------  -------------------  ----------------------
/opt/airflow/dags/currency_dag.py                           1           0  0.41s           2026-03-25T07:55:43                      12
================================================================================
[2026-03-25T07:56:23.417+0000] {manager.py:997} INFO - 
================================================================================
DAG File Processing Stats

File Path                          PID    Runtime      # DAGs    # Errors  Last Runtime    Last Run               Last # of DB Queries
---------------------------------  -----  ---------  --------  ----------  --------------  -------------------  ----------------------
/opt/airflow/dags/currency_dag.py                           1           0  0.42s           2026-03-25T07:56:14                      12
================================================================================
[2026-03-25T07:56:53.662+0000] {manager.py:997} INFO - 
================================================================================
DAG File Processing Stats

File Path                          PID    Runtime      # DAGs    # Errors  Last Runtime    Last Run               Last # of DB Queries
---------------------------------  -----  ---------  --------  ----------  --------------  -------------------  ----------------------
/opt/airflow/dags/currency_dag.py                           1           0  0.48s           2026-03-25T07:56:45                      12
================================================================================
[2026-03-25T07:57:23.721+0000] {manager.py:997} INFO - 
================================================================================
DAG File Processing Stats

File Path                          PID    Runtime      # DAGs    # Errors  Last Runtime    Last Run               Last # of DB Queries
---------------------------------  -----  ---------  --------  ----------  --------------  -------------------  ----------------------
/opt/airflow/dags/currency_dag.py                           1           0  0.43s           2026-03-25T07:57:15                      12
================================================================================
[2026-03-25T07:57:53.908+0000] {manager.py:997} INFO - 
================================================================================
DAG File Processing Stats

File Path                          PID    Runtime      # DAGs    # Errors  Last Runtime    Last Run               Last # of DB Queries
---------------------------------  -----  ---------  --------  ----------  --------------  -------------------  ----------------------
/opt/airflow/dags/currency_dag.py                           1           0  0.41s           2026-03-25T07:57:46                      12
================================================================================
[2026-03-25T07:58:23.999+0000] {manager.py:997} INFO - 
================================================================================
DAG File Processing Stats

File Path                          PID    Runtime      # DAGs    # Errors  Last Runtime    Last Run               Last # of DB Queries
---------------------------------  -----  ---------  --------  ----------  --------------  -------------------  ----------------------
/opt/airflow/dags/currency_dag.py                           1           0  0.42s           2026-03-25T07:58:16                      12
================================================================================
[2026-03-25T07:58:46.128+0000] {manager.py:821} INFO - Searching for files in /opt/airflow/dags
[2026-03-25T07:58:46.151+0000] {manager.py:824} INFO - There are 1 files in /opt/airflow/dags
[2026-03-25T07:58:54.218+0000] {manager.py:997} INFO - 
================================================================================
DAG File Processing Stats

File Path                          PID    Runtime      # DAGs    # Errors  Last Runtime    Last Run               Last # of DB Queries
---------------------------------  -----  ---------  --------  ----------  --------------  -------------------  ----------------------
/opt/airflow/dags/currency_dag.py                           1           0  0.42s           2026-03-25T07:58:47                      12
================================================================================
[2026-03-25T07:59:24.271+0000] {manager.py:997} INFO - 
================================================================================
DAG File Processing Stats

File Path                          PID    Runtime      # DAGs    # Errors  Last Runtime    Last Run               Last # of DB Queries
---------------------------------  -----  ---------  --------  ----------  --------------  -------------------  ----------------------
/opt/airflow/dags/currency_dag.py                           1           0  0.41s           2026-03-25T07:59:18                      12
================================================================================
[2026-03-25T07:59:54.473+0000] {manager.py:997} INFO - 
================================================================================
DAG File Processing Stats

File Path                          PID    Runtime      # DAGs    # Errors  Last Runtime    Last Run               Last # of DB Queries
---------------------------------  -----  ---------  --------  ----------  --------------  -------------------  ----------------------
/opt/airflow/dags/currency_dag.py                           1           0  0.41s           2026-03-25T07:59:48                      12
================================================================================
[2026-03-25T08:00:24.511+0000] {manager.py:997} INFO - 
================================================================================
DAG File Processing Stats

File Path                          PID    Runtime      # DAGs    # Errors  Last Runtime    Last Run               Last # of DB Queries
---------------------------------  -----  ---------  --------  ----------  --------------  -------------------  ----------------------
/opt/airflow/dags/currency_dag.py                           1           0  0.41s           2026-03-25T08:00:19                      12
================================================================================
[2026-03-25T08:00:54.780+0000] {manager.py:997} INFO - 
================================================================================
DAG File Processing Stats

File Path                          PID    Runtime      # DAGs    # Errors  Last Runtime    Last Run               Last # of DB Queries
---------------------------------  -----  ---------  --------  ----------  --------------  -------------------  ----------------------
/opt/airflow/dags/currency_dag.py                           1           0  0.41s           2026-03-25T08:00:50                      12
================================================================================
[2026-03-25T08:01:24.802+0000] {manager.py:997} INFO - 
================================================================================
DAG File Processing Stats

File Path                          PID    Runtime      # DAGs    # Errors  Last Runtime    Last Run               Last # of DB Queries
---------------------------------  -----  ---------  --------  ----------  --------------  -------------------  ----------------------
/opt/airflow/dags/currency_dag.py                           1           0  0.41s           2026-03-25T08:01:20                      12
================================================================================
[2026-03-25T08:01:54.995+0000] {manager.py:997} INFO - 
================================================================================
DAG File Processing Stats

File Path                          PID    Runtime      # DAGs    # Errors  Last Runtime    Last Run               Last # of DB Queries
---------------------------------  -----  ---------  --------  ----------  --------------  -------------------  ----------------------
/opt/airflow/dags/currency_dag.py                           1           0  0.42s           2026-03-25T08:01:51                      12
================================================================================
[2026-03-25T08:02:25.130+0000] {manager.py:997} INFO - 
================================================================================
DAG File Processing Stats

File Path                          PID    Runtime      # DAGs    # Errors  Last Runtime    Last Run               Last # of DB Queries
---------------------------------  -----  ---------  --------  ----------  --------------  -------------------  ----------------------
/opt/airflow/dags/currency_dag.py                           1           0  0.41s           2026-03-25T08:02:22                      12
================================================================================
[2026-03-25T08:02:55.314+0000] {manager.py:997} INFO - 
================================================================================
DAG File Processing Stats

File Path                          PID    Runtime      # DAGs    # Errors  Last Runtime    Last Run               Last # of DB Queries
---------------------------------  -----  ---------  --------  ----------  --------------  -------------------  ----------------------
/opt/airflow/dags/currency_dag.py                           1           0  0.48s           2026-03-25T08:02:52                      12
================================================================================
[2026-03-25T08:03:25.414+0000] {manager.py:997} INFO - 
================================================================================
DAG File Processing Stats

File Path                          PID    Runtime      # DAGs    # Errors  Last Runtime    Last Run               Last # of DB Queries
---------------------------------  -----  ---------  --------  ----------  --------------  -------------------  ----------------------
/opt/airflow/dags/currency_dag.py                           1           0  0.46s           2026-03-25T08:03:23                      12
================================================================================
[2026-03-25T08:03:46.595+0000] {manager.py:821} INFO - Searching for files in /opt/airflow/dags
[2026-03-25T08:03:46.613+0000] {manager.py:824} INFO - There are 1 files in /opt/airflow/dags
[2026-03-25T08:03:55.682+0000] {manager.py:997} INFO - 
================================================================================
DAG File Processing Stats

File Path                          PID    Runtime      # DAGs    # Errors  Last Runtime    Last Run               Last # of DB Queries
---------------------------------  -----  ---------  --------  ----------  --------------  -------------------  ----------------------
/opt/airflow/dags/currency_dag.py                           1           0  0.44s           2026-03-25T08:03:54                      12
================================================================================
[2026-03-25T08:04:25.687+0000] {manager.py:997} INFO - 
================================================================================
DAG File Processing Stats

File Path                          PID    Runtime      # DAGs    # Errors  Last Runtime    Last Run               Last # of DB Queries
---------------------------------  -----  ---------  --------  ----------  --------------  -------------------  ----------------------
/opt/airflow/dags/currency_dag.py                           1           0  0.43s           2026-03-25T08:04:24                      12
================================================================================
[2026-03-25T08:04:55.842+0000] {manager.py:997} INFO - 
================================================================================
DAG File Processing Stats

File Path                          PID    Runtime      # DAGs    # Errors  Last Runtime    Last Run               Last # of DB Queries
---------------------------------  -----  ---------  --------  ----------  --------------  -------------------  ----------------------
/opt/airflow/dags/currency_dag.py                           1           0  0.43s           2026-03-25T08:04:55                      12
================================================================================
[2026-03-25T08:05:25.866+0000] {manager.py:997} INFO - 
================================================================================
DAG File Processing Stats

File Path                          PID    Runtime      # DAGs    # Errors  Last Runtime    Last Run               Last # of DB Queries
---------------------------------  -----  ---------  --------  ----------  --------------  -------------------  ----------------------
/opt/airflow/dags/currency_dag.py                           1           0  0.46s           2026-03-25T08:05:25                      12
================================================================================
[2026-03-25T08:05:56.028+0000] {manager.py:997} INFO - 
================================================================================
DAG File Processing Stats

File Path                            PID  Runtime      # DAGs    # Errors  Last Runtime    Last Run               Last # of DB Queries
---------------------------------  -----  ---------  --------  ----------  --------------  -------------------  ----------------------
/opt/airflow/dags/currency_dag.py    493  0.01s             1           0  0.46s           2026-03-25T08:05:25                      12
================================================================================
[2026-03-25T08:06:26.172+0000] {manager.py:997} INFO - 
================================================================================
DAG File Processing Stats

File Path                          PID    Runtime      # DAGs    # Errors  Last Runtime    Last Run               Last # of DB Queries
---------------------------------  -----  ---------  --------  ----------  --------------  -------------------  ----------------------
/opt/airflow/dags/currency_dag.py                           1           0  0.49s           2026-03-25T08:05:56                      12
================================================================================
[2026-03-25T08:06:56.275+0000] {manager.py:997} INFO - 
================================================================================
DAG File Processing Stats

File Path                          PID    Runtime      # DAGs    # Errors  Last Runtime    Last Run               Last # of DB Queries
---------------------------------  -----  ---------  --------  ----------  --------------  -------------------  ----------------------
/opt/airflow/dags/currency_dag.py                           1           0  0.43s           2026-03-25T08:06:27                      12
================================================================================
[2026-03-25T08:07:26.452+0000] {manager.py:997} INFO - 
================================================================================
DAG File Processing Stats

File Path                          PID    Runtime      # DAGs    # Errors  Last Runtime    Last Run               Last # of DB Queries
---------------------------------  -----  ---------  --------  ----------  --------------  -------------------  ----------------------
/opt/airflow/dags/currency_dag.py                           1           0  0.43s           2026-03-25T08:06:57                      12
================================================================================
[2026-03-25T08:07:56.485+0000] {manager.py:997} INFO - 
================================================================================
DAG File Processing Stats

File Path                          PID    Runtime      # DAGs    # Errors  Last Runtime    Last Run               Last # of DB Queries
---------------------------------  -----  ---------  --------  ----------  --------------  -------------------  ----------------------
/opt/airflow/dags/currency_dag.py                           1           0  0.43s           2026-03-25T08:07:28                      12
================================================================================
[2026-03-25T08:08:26.734+0000] {manager.py:997} INFO - 
================================================================================
DAG File Processing Stats

File Path                          PID    Runtime      # DAGs    # Errors  Last Runtime    Last Run               Last # of DB Queries
---------------------------------  -----  ---------  --------  ----------  --------------  -------------------  ----------------------
/opt/airflow/dags/currency_dag.py                           1           0  0.48s           2026-03-25T08:07:59                      12
================================================================================
[2026-03-25T08:08:46.750+0000] {manager.py:821} INFO - Searching for files in /opt/airflow/dags
[2026-03-25T08:08:46.778+0000] {manager.py:824} INFO - There are 1 files in /opt/airflow/dags
[2026-03-25T08:08:56.843+0000] {manager.py:997} INFO - 
================================================================================
DAG File Processing Stats

File Path                          PID    Runtime      # DAGs    # Errors  Last Runtime    Last Run               Last # of DB Queries
---------------------------------  -----  ---------  --------  ----------  --------------  -------------------  ----------------------
/opt/airflow/dags/currency_dag.py                           1           0  0.43s           2026-03-25T08:08:29                      12
================================================================================
[2026-03-25T08:09:27.024+0000] {manager.py:997} INFO - 
================================================================================
DAG File Processing Stats

File Path                          PID    Runtime      # DAGs    # Errors  Last Runtime    Last Run               Last # of DB Queries
---------------------------------  -----  ---------  --------  ----------  --------------  -------------------  ----------------------
/opt/airflow/dags/currency_dag.py                           1           0  0.43s           2026-03-25T08:09:00                      12
================================================================================
[2026-03-25T08:09:57.112+0000] {manager.py:997} INFO - 
================================================================================
DAG File Processing Stats

File Path                          PID    Runtime      # DAGs    # Errors  Last Runtime    Last Run               Last # of DB Queries
---------------------------------  -----  ---------  --------  ----------  --------------  -------------------  ----------------------
/opt/airflow/dags/currency_dag.py                           1           0  0.48s           2026-03-25T08:09:30                      12
================================================================================
